Num_Agents,Mean_Q
100,20.26030510552294
101,18.349115086521277
