Num_Agents,Mean_Q
100,31.82208384386577
101,29.835538424263827
