Num_Agents,Mean_Q
100,29.127156496569537
99,28.08456855706644
98,26.00553969005554
97,31.86287836425004
