Num_Agents,Mean_Q
110,20.232186367146674
111,21.673844863517697
112,18.088652187979108
113,16.536061023508157
114,8.421357119838829
