Num_Agents,Mean_Q
110,20.831933272468984
111,17.984235669439155
112,16.904300111416827
113,14.49765041095011
114,12.216729272311309
